UTA_ID,Partido,2018,2019,2020,2021,2022,2023,2024,2025,Departamento,2010,2011,2012,2013,2014,2015,2016,2017
6028,almirante brown,590418,594270,597969,601618,605271,608878,612438,616000,,,,,,,,,
6035,avellaneda,354314,355352,356392,357440,358512,359550,360583,361532,,,,,,,,,
6091,berazategui,358262,362021,365771,369294,372889,376431,379921,383458,,,,,,,,,
6260,esteban echeverria,358342,364641,370900,377237,383538,389731,395856,402021,,,,,,,,,
6270,ezeiza,208615,213864,219031,224228,229276,234233,239220,244167,,,,,,,,,
6274,florencio varela,500225,508671,517082,525270,533446,541606,549812,557936,,,,,,,,,
6371,general san martin,423877,424567,425265,425911,426556,427191,427783,428283,,,,,,,,,
6408,hurlingham,191508,192554,193583,194597,195596,196582,197553,198509,,,,,,,,,
6410,ituzaingo,178670,179801,180914,182011,182993,183959,184910,185845,,,,,,,,,
6412,jose c paz,300035,303896,307443,311187,314878,318364,321710,324990,,,,,,,,,
6427,la matanza,2185597,2233860,2281194,2327874,2374149,2419872,2464843,2509547,,,,,,,,,
6434,lanus,462964,462895,462827,462760,462693,462628,462564,462501,,,,,,,,,
6490,lomas de zamora,643437,645880,648312,650678,652937,655122,657218,659249,,,,,,,,,
6515,malvinas argentinas,353281,356643,359953,363263,366479,369648,372771,375896,,,,,,,,,
6539,merlo,591763,599119,606413,613509,620307,626975,633540,639681,,,,,,,,,
6560,moreno,524675,533292,541691,549930,558068,566103,574034,581729,,,,,,,,,
6568,moron,319674,319138,318632,318104,317584,317073,316559,316073,,,,,,,,,
6658,quilmes,649480,657123,664783,672199,679375,686466,693277,699997,,,,,,,,,
6749,san fernando,172911,173904,174883,175845,176795,177731,178654,179563,,,,,,,,,
6756,san isidro,292831,292520,292224,291963,291704,291448,291276,291097,,,,,,,,,
6760,san miguel,299319,301740,304122,306469,308784,311065,313312,315526,,,,,,,,,
6805,tigre,447040,455056,462998,470776,478432,485999,493467,500615,,,,,,,,,
6840,tres de febrero,343961,344011,344067,344117,344172,344221,344296,344354,,,,,,,,,
6861,vicente lopez,268509,268064,267655,267257,266880,266538,266203,265885,,,,,,,,,
6007,adolfo alsina,17433,17458,17483,17507,17532,17556,17580,17603,,,,,,,,,
6014,adolfo gonzales chaves,11968,11944,11922,11899,11877,11855,11832,11811,,,,,,,,,
6021,alberti,10948,10972,10995,11018,11041,11064,11085,11107,,,,,,,,,
6077,arrecifes,30936,31133,31328,31520,31709,31895,32078,32259,,,,,,,,,
6042,ayacucho,21143,21218,21291,21364,21436,21506,21577,21645,,,,,,,,,
6049,azul,67321,67495,67667,67835,68002,68167,68329,68487,,,,,,,,,
6056,bahia blanca,308982,309544,310095,310639,311175,311704,312224,312738,,,,,,,,,
6063,balcarce,45408,45551,45691,45829,45967,46102,46234,46365,,,,,,,,,
6070,baradero,35701,36022,36338,36649,36956,37258,37556,37849,,,,,,,,,
6084,benito juarez,20513,20523,20532,20542,20551,20561,20570,20579,,,,,,,,,
6098,berisso,95259,95987,96701,97406,98101,98786,99461,100126,,,,,,,,,
6105,bolivar,35684,35828,35969,36108,36244,36378,36512,36642,,,,,,,,,
6112,bragado,42062,42103,42144,42184,42223,42262,42301,42338,,,,,,,,,
6119,brandsen,30164,30597,31023,31442,31856,32263,32665,33061,,,,,,,,,
6126,campana,103565,104566,105552,106522,107480,108423,109352,110268,,,,,,,,,
6134,canuelas,60867,61903,62921,63923,64913,65888,66849,67795,,,,,,,,,
6140,capitan sarmiento,16044,16216,16387,16553,16718,16881,17041,17198,,,,,,,,,
6147,carlos casares,23459,23583,23704,23824,23941,24059,24173,24286,,,,,,,,,
6154,carlos tejedor,11672,11671,11671,11669,11669,11667,11667,11665,,,,,,,,,
6161,carmen de areco,15418,15489,15560,15629,15697,15765,15831,15896,,,,,,,,,
6168,castelli,8595,8633,8671,8708,8744,8781,8816,8851,,,,,,,,,
6210,chacabuco,51962,52304,52640,52971,53298,53620,53937,54249,,,,,,,,,
6217,chascomus,45958,46359,46754,47141,47524,47902,48273,48640,,,,,,,,,
6224,chivilcoy,67705,68062,68412,68758,69099,69435,69766,70091,,,,,,,,,
6175,colon,26697,26889,27078,27264,27447,27629,27806,27982,,,,,,,,,
6182,coronel de marina l rosales,63358,63433,63508,63581,63654,63725,63795,63864,,,,,,,,,
6189,coronel dorrego,15359,15285,15212,15141,15070,15000,14931,14864,,,,,,,,,
6196,coronel pringles,22368,22273,22180,22089,21999,21910,21823,21737,,,,,,,,,
6203,coronel suarez,40001,40162,40320,40474,40627,40778,40927,41073,,,,,,,,,
6231,daireaux,17979,18093,18204,18314,18422,18530,18635,18738,,,,,,,,,
6238,dolores,28438,28576,28714,28849,28982,29113,29242,29370,,,,,,,,,
6245,ensenada,60903,61346,61783,62214,62638,63057,63469,63874,,,,,,,,,
6252,escobar,247385,251245,255073,258805,262495,266121,269692,273209,,,,,,,,,
6266,exaltacion de la cruz,35287,35922,36545,37161,37766,38364,38953,39532,,,,,,,,,
6277,florentino ameghino,9510,9578,9645,9711,9776,9839,9903,9964,,,,,,,,,
6280,general alvarado,43334,43744,44149,44546,44938,45326,45707,46083,,,,,,,,,
6287,general alvear,11433,11456,11480,11503,11524,11546,11568,11590,,,,,,,,,
6294,general arenales,15058,15059,15061,15062,15064,15066,15068,15070,,,,,,,,,
6301,general belgrano,18949,19123,19293,19461,19627,19790,19951,20110,,,,,,,,,
6308,general guido,2882,2887,2892,2897,2901,2906,2910,2915,,,,,,,,,
6315,general juan madariaga,21273,21436,21596,21755,21912,22065,22217,22367,,,,,,,,,
6322,general la madrid,10689,10665,10642,10619,10596,10573,10551,10529,,,,,,,,,
6329,general las heras,16948,17182,17412,17639,17863,18083,18300,18514,,,,,,,,,
6336,general lavalle,4318,4389,4459,4528,4596,4663,4729,4794,,,,,,,,,
6343,general paz,11674,11719,11763,11806,11849,11891,11932,11973,,,,,,,,,
6351,general pinto,11481,11494,11508,11521,11534,11547,11560,11573,,,,,,,,,
6357,general pueyrredon,650332,653406,656456,659462,662430,665357,668242,671085,,,,,,,,,
6364,general rodriguez,105469,107599,109695,111759,113795,115802,117780,119727,,,,,,,,,
6385,general viamonte,18659,18709,18758,18807,18855,18903,18949,18995,,,,,,,,,
6392,general villegas,32880,33090,33297,33501,33701,33899,34094,34286,,,,,,,,,
6399,guamini,12458,12522,12584,12646,12707,12766,12825,12883,,,,,,,,,
6406,hipolito yrigoyen,10148,10205,10262,10318,10373,10427,10480,10533,,,,,,,,,
6413,junin,93274,93329,93384,93440,93497,93553,93611,93670,,,,,,,,,
6420,la costa,76945,77756,78554,79341,80118,80883,81637,82379,,,,,,,,,
6441,la plata,703504,708733,713947,719013,724010,728912,733741,738505,,,,,,,,,
6448,laprida,10788,10847,10905,10962,11018,11074,11128,11182,,,,,,,,,
6455,las flores,24328,24355,24382,24410,24436,24462,24487,24513,,,,,,,,,
6462,leandro n alem,17348,17396,17442,17489,17534,17580,17624,17667,,,,,,,,,
6469,lincoln,42291,42302,42312,42323,42333,42342,42353,42363,,,,,,,,,
6476,loberia,18166,18224,18281,18338,18393,18447,18502,18555,,,,,,,,,
6483,lobos,39239,39573,39901,40225,40544,40858,41168,41473,,,,,,,,,
6497,lujan,117364,118593,119805,120998,122174,123334,124477,125602,,,,,,,,,
6505,magdalena,20346,20493,20613,20729,20842,20953,21059,21163,,,,,,,,,
6511,maipu,10357,10372,10388,10402,10419,10435,10452,10469,,,,,,,,,
6518,mar chiquita,24591,24971,25344,25712,26075,26432,26784,27131,,,,,,,,,
6525,marcos paz,64174,65329,66466,67586,68691,69780,70853,71909,,,,,,,,,
6532,mercedes,67030,67415,67793,68165,68532,68895,69252,69603,,,,,,,,,
6547,monte,23396,23699,23896,24198,24485,24796,25103,25393,,,,,,,,,
6553,monte hermoso,7230,7310,7390,7468,7546,7621,7695,7769,,,,,,,,,
6574,navarro,18013,18110,18206,18301,18394,18485,18575,18665,,,,,,,,,
6581,necochea,95568,95783,95995,96204,96410,96614,96814,97011,,,,,,,,,
6588,9 de julio,48661,48721,48780,48838,48896,48952,49008,49063,,,,,,,,,
6595,olavarria,118715,119441,120154,120858,121552,122236,122911,123574,,,,,,,,,
6602,patagones,31708,31856,32002,32146,32288,32427,32565,32701,,,,,,,,,
6609,pehuajo,41189,41316,41441,41564,41686,41805,41923,42039,,,,,,,,,
6616,pellegrini,6032,6045,6058,6072,6085,6099,6113,6128,,,,,,,,,
6623,pergamino,109145,109582,110012,110435,110854,111266,111672,112071,,,,,,,,,
6630,pila,3909,3937,3966,3994,4021,4048,4074,4100,,,,,,,,,
6638,pilar,363309,370798,378167,385426,392587,399645,406599,413447,,,,,,,,,
6644,pinamar,30491,31042,31584,32119,32646,33166,33677,34182,,,,,,,,,
6648,presidente peron,101239,103597,105918,108203,110457,112680,114868,117024,,,,,,,,,
6651,puan,15223,15137,15054,14972,14891,14811,14733,14657,,,,,,,,,
6655,punta indio,10463,10521,10579,10635,10692,10747,10802,10855,,,,,,,,,
6665,ramallo,36902,37335,37761,38180,38595,39003,39404,39800,,,,,,,,,
6672,rauch,16000,16083,16165,16246,16325,16404,16481,16557,,,,,,,,,
6679,rivadavia,16978,17050,17119,17184,17247,17307,17366,17421,,,,,,,,,
6686,rojas,24203,24269,24336,24401,24465,24529,24591,24652,,,,,,,,,
6693,roque perez,13587,13726,13863,13998,14129,14259,14386,14511,,,,,,,,,
6700,saavedra,21750,21847,21943,22037,22130,22221,22311,22400,,,,,,,,,
6707,saladillo,34705,34985,35261,35533,35802,36066,36326,36583,,,,,,,,,
6714,salto,36061,36440,36812,37179,37541,37897,38248,38594,,,,,,,,,
6721,salliquelo,8789,8799,8810,8819,8829,8840,8850,8860,,,,,,,,,
6728,san andres de giles,25257,25502,25744,25981,26216,26448,26675,26899,,,,,,,,,
6735,san antonio de areco,24882,25068,25251,25431,25610,25785,25957,26128,,,,,,,,,
6742,san cayetano,8734,8766,8797,8827,8857,8887,8915,8945,,,,,,,,,
6763,san nicolas,153728,154520,155301,156069,156827,157575,158311,159037,,,,,,,,,
6770,san pedro,62881,63283,63677,64066,64450,64827,65200,65567,,,,,,,,,
6778,san vicente,73825,75506,77161,78791,80398,81983,83544,85082,,,,,,,,,
6784,suipacha,11250,11382,11510,11637,11763,11886,12008,12128,,,,,,,,,
6791,tandil,136522,137922,139300,140657,141996,143314,144614,145893,,,,,,,,,
6798,tapalque,9940,10022,10103,10183,10262,10340,10416,10491,,,,,,,,,
6812,tordillo,1801,1804,1807,1809,1812,1814,1816,1818,,,,,,,,,
6819,tornquist,13728,13836,13942,14047,14150,14251,14352,14450,,,,,,,,,
6826,trenque lauquen,46019,46336,46648,46954,47256,47554,47849,48137,,,,,,,,,
6833,tres arroyos,57590,57611,57634,57660,57689,57720,57754,57789,,,,,,,,,
6847,tres lomas,8764,8801,8837,8872,8906,8939,8971,9002,,,,,,,,,
6854,25 de mayo,36897,36985,37071,37156,37240,37323,37405,37485,,,,,,,,,
6868,villa gesell,36865,37454,38034,38606,39170,39726,40273,40812,,,,,,,,,
6875,villarino,35344,35834,36315,36790,37258,37719,38172,38619,,,,,,,,,
6882,zarate,125613,126865,128096,129309,130506,131686,132848,133993,,,,,,,,,
10007,,4628,4631,4634,4638,4641,4645,4648,4651,ambato,,,,,,,,
10014,,2935,2926,2916,2908,2899,2890,2882,2874,ancasti,,,,,,,,
10021,,19718,19848,19976,20102,20225,20346,20465,20579,andalgala,,,,,,,,
10028,,1620,1637,1653,1670,1687,1703,1718,1734,antofagasta de la sierra,,,,,,,,
10035,,30859,31131,31399,31663,31921,32175,32421,32660,belen,,,,,,,,
10042,,18258,18470,18678,18882,19082,19278,19469,19654,capayan,,,,,,,,
10049,,179628,181531,183406,185250,187057,188824,190547,192221,catamarca capital,,,,,,,,
10056,,3858,3881,3903,3924,3945,3966,3987,4007,el alto,,,,,,,,
10063,,13342,13479,13614,13745,13875,14001,14125,14246,fray mamerto esquiu,,,,,,,,
10070,,24834,25023,25209,25392,25572,25748,25918,26085,la paz,,,,,,,,
10077,,4308,4307,4307,4305,4305,4304,4303,4302,paclin,,,,,,,,
10084,,12173,12307,12439,12569,12696,12821,12942,13060,poman,,,,,,,,
10091,,23886,23969,24050,24130,24209,24286,24361,24434,santa maria,,,,,,,,
10098,,13812,13990,14165,14336,14504,14668,14829,14985,santa rosa,,,,,,,,
10105,,23249,23275,23301,23326,23351,23375,23399,23421,tinogasta,,,,,,,,
10112,,31044,31419,31788,32151,32507,32855,33194,33525,valle viejo,,,,,,,,
22007,,41254,42039,42810,43567,44310,45038,45749,46444,almirante brown,,,,,,,,
22014,,27212,27398,27581,27761,27937,28110,28278,28443,bermejo,,,,,,,,
22028,,35140,35607,36066,36517,36960,37393,37816,38231,chacabuco,,,,,,,,
22021,,111457,112951,114419,115861,117275,118660,120015,121338,comandante fernandez,,,,,,,,
22036,,25626,25970,26309,26640,26966,27285,27597,27901,12 de octubre,,,,,,,,
22039,,7844,7866,7888,7909,7931,7952,7972,7993,2 de abril,,,,,,,,
22043,,13920,14142,14361,14575,14786,14992,15193,15391,fray justo santa maria de oro,,,,,,,,
22049,,14257,14502,14741,14977,15208,15435,15656,15872,general belgrano,,,,,,,,
22056,,14221,14266,14311,14355,14398,14440,14481,14522,general donovan,,,,,,,,
22063,,75769,76624,77464,78289,79099,79891,80666,81424,general guemes,,,,,,,,
el,,25418,25719,26014,26305,26589,26868,27141,27408,independencia,,,,,,,,
22077,,14247,14469,14685,14898,15107,15312,15513,15709,libertad,,,,,,,,
22084,,67199,68009,68805,69585,70352,71102,71836,72552,libertador general san martin,,,,,,,,
22091,,26925,27033,27136,27234,27327,27414,27495,27571,maipu,,,,,,,,
22098,,59351,59701,60044,60381,60712,61036,61352,61663,mayor luis j fontana,,,,,,,,
22105,,31680,31974,32265,32550,32829,33102,33370,33632,9 de julio,,,,,,,,
22112,,21559,21669,21778,21885,21990,22092,22193,22291,o higgins,,,,,,,,
22119,,13362,13427,13492,13555,13617,13679,13738,13797,presidencia de la plaza,,,,,,,,
22126,,12134,12326,12515,12701,12883,13061,13235,13406,1 de mayo,,,,,,,,
22133,,37975,38347,38714,39073,39426,39773,40110,40441,quitilipi,,,,,,,,
22140,,434391,438554,442642,446661,450608,454478,458272,461965,san fernando,,,,,,,,
22147,,15830,15922,16012,16099,16186,16271,16354,16435,san lorenzo,,,,,,,,
22154,,17598,17757,17914,18069,18220,18369,18514,18656,sargento cabral,,,,,,,,
22161,,4252,4255,4258,4260,4261,4261,4261,4261,tapenaga,,,,,,,,
22168,,31856,32089,32317,32540,32759,32975,33185,33391,25 de mayo,,,,,,,,
26007,,109145,112626,116160,119737,123366,127040,130761,134525,biedma,,,,,,,,
26014,,23910,24228,24538,24835,25126,25407,25689,25954,cushamen,,,,,,,,
26021,,225237,229821,234397,238946,243481,247987,252463,256916,escalante,,,,,,,,
26028,,1764,1776,1785,1795,1804,1813,1821,1828,florentino ameghino,,,,,,,,
26035,,48035,48515,48976,49418,49842,50246,50632,50999,futaleufu,,,,,,,,
26042,,12608,12759,12904,13047,13184,13316,13445,13568,gaiman,,,,,,,,
26049,,1387,1377,1368,1365,1358,1353,1342,1338,gastre,,,,,,,,
26056,,3140,3135,3127,3118,3107,3096,3082,3068,languineo,,,,,,,,
26063,,729,725,715,711,704,700,695,692,martires,,,,,,,,
26070,,1834,1822,1809,1796,1781,1767,1750,1735,paso de indios,,,,,,,,
26077,,143006,143968,144869,145697,146455,147153,147788,148358,rawson,,,,,,,,
26084,,6191,6227,6248,6266,6281,6295,6308,6318,rio senguer,,,,,,,,
26091,,14314,14683,15055,15427,15802,16179,16559,16939,sarmiento,,,,,,,,
26098,,5529,5523,5516,5506,5493,5479,5461,5441,tehuelches,,,,,,,,
26105,,1551,1544,1527,1517,1510,1499,1488,1476,telsen,,,,,,,,
2001,comuna 1,254408,255457,256405,257235,257934,258497,258922,259205,,,,,,,,,
2002,comuna 2,149607,149510,149430,149371,149337,149328,149345,149389,,,,,,,,,
2003,comuna 3,192945,193115,193276,193425,193560,193682,193790,193884,,,,,,,,,
2004,comuna 4,239279,239712,240100,240437,240716,240937,241096,241193,,,,,,,,,
2005,comuna 5,187159,187348,187518,187670,187800,187907,187991,188053,,,,,,,,,
2006,comuna 6,185067,185271,185456,185620,185760,185875,185964,186028,,,,,,,,,
2007,comuna 7,241065,241484,241861,242188,242460,242674,242828,242921,,,,,,,,,
2008,comuna 8,227495,228266,228953,229541,230018,230380,230623,230745,,,,,,,,,
2009,comuna 9,170842,171062,171264,171444,171600,171733,171839,171921,,,,,,,,,
2010,comuna 10,170394,170497,170592,170677,170750,170811,170859,170896,,,,,,,,,
2011,comuna 11,190016,190046,190076,190105,190135,190165,190195,190225,,,,,,,,,
2012,comuna 12,214229,214518,214777,215002,215189,215335,215442,215505,,,,,,,,,
2013,comuna 13,236107,236238,236358,236468,236566,236650,236723,236781,,,,,,,,,
2014,comuna 14,227003,227060,227115,227168,227219,227268,227315,227360,,,,,,,,,
2015,comuna 15,182427,182445,182465,182485,182506,182528,182551,182574,,,,,,,,,
14007,,67272,68881,70512,72164,73837,75530,77241,78970,calamuchita,,,,,,,,
14014,,1438492,1446201,1453684,1460905,1467867,1474541,1481028,1487310,cordoba capital,,,,,,,,
14021,,286115,293944,301889,309982,318211,326575,334971,343397,colon,,,,,,,,
14028,,66671,67664,68656,69645,70632,71615,72593,73564,cruz del eje,,,,,,,,
14035,,39776,40203,40626,41043,41454,41859,42257,42647,general roca,,,,,,,,
14042,,141326,142892,144441,145973,147485,148975,150443,151884,general san martin,,,,,,,,
14049,,35562,35920,36276,36625,36968,37307,37637,37961,ischilin,,,,,,,,
14056,,68103,68960,69812,70658,71496,72326,73147,73958,juarez celman,,,,,,,,
14063,,113291,114165,115019,115851,116662,117448,118209,118945,marcos juarez,,,,,,,,
14070,,5054,5065,5075,5083,5090,5097,5101,5104,minas,,,,,,,,
14077,,5716,5747,5778,5806,5834,5860,5885,5908,pocho,,,,,,,,
14084,,39753,40084,40409,40727,41037,41340,41633,41918,presidente roque saenz pena,,,,,,,,
14091,,206031,209578,213136,216702,220275,223850,227422,230989,punilla,,,,,,,,
14098,,272804,275310,277775,280194,282566,284887,287152,289359,rio cuarto,,,,,,,,
14105,,52481,53159,53832,54501,55165,55825,56476,57120,rio primero,,,,,,,,
14112,,15158,15326,15494,15659,15822,15984,16143,16300,rio seco,,,,,,,,
14119,,113752,114937,116106,117259,118396,119514,120611,121685,rio segundo,,,,,,,,
14126,,42504,43206,43908,44613,45317,46021,46725,47426,san alberto,,,,,,,,
14133,,58894,59534,60165,60790,61406,62013,62609,63195,san javier,,,,,,,,
14140,,224361,226448,228501,230517,232495,234432,236323,238167,san justo,,,,,,,,
14147,,114999,117013,119033,121060,123090,125124,127158,129189,santa maria,,,,,,,,
14154,,5003,5034,5063,5091,5118,5144,5168,5191,sobremonte,,,,,,,,
14161,,119964,120764,121541,122294,123022,123723,124397,125040,tercero arriba,,,,,,,,
14168,,21058,21372,21686,22000,22312,22623,22933,23241,totoral,,,,,,,,
14175,,13892,14001,14108,14213,14314,14413,14510,14603,tulumba,,,,,,,,
14182,,115905,116924,117925,118906,119867,120804,121717,122606,union,,,,,,,,
18007,,40938,41271,41599,41918,42229,42532,42827,43110,bella vista,,,,,,,,
18014,,2761,2789,2817,2844,2870,2896,2921,2945,beron de astrada,,,,,,,,
18021,,402483,406728,410878,414927,418880,422722,426443,430053,corrientes capital,,,,,,,,
18028,,25010,25419,25819,26209,26590,26961,27321,27669,concepcion,,,,,,,,
18035,,49031,49452,49862,50264,50656,51036,51406,51763,curuzu cuatia,,,,,,,,
18042,,16261,16351,16437,16523,16606,16686,16765,16841,empedrado,,,,,,,,
18049,,32788,32925,33059,33191,33318,33441,33563,33678,esquina,,,,,,,,
18056,,8134,8131,8128,8127,8124,8122,8121,8119,general alvear,,,,,,,,
18063,,15638,15685,15730,15774,15817,15860,15901,15940,general paz,,,,,,,,
18070,,97091,97658,98213,98754,99283,99797,100296,100778,goya,,,,,,,,
18077,,10055,10132,10208,10282,10353,10424,10491,10557,itati,,,,,,,,
18084,,33344,33505,33661,33815,33964,34110,34251,34388,ituzaingo,,,,,,,,
18091,,32815,33216,33609,33993,34366,34731,35083,35424,lavalle,,,,,,,,
18098,,9962,10017,10071,10124,10176,10226,10274,10321,mburucuya,,,,,,,,
18105,,44193,44486,44773,45052,45326,45591,45849,46098,mercedes,,,,,,,,
18112,,40970,41417,41854,42279,42696,43100,43492,43871,monte caseros,,,,,,,,
18119,,53179,53570,53952,54326,54690,55044,55387,55720,paso de los libres,,,,,,,,
18126,,24152,24310,24464,24615,24762,24905,25044,25179,saladas,,,,,,,,
18133,,16352,16546,16736,16921,17102,17278,17447,17613,san cosme,,,,,,,,
18140,,19563,19746,19925,20100,20270,20435,20596,20752,san luis del palmar,,,,,,,,
18147,,14747,14901,15051,15197,15340,15478,15613,15742,san martin,,,,,,,,
18154,,11410,11475,11540,11604,11665,11725,11783,11840,san miguel,,,,,,,,
18161,,19692,19791,19888,19983,20075,20165,20252,20336,san roque,,,,,,,,
18168,,71150,72157,73143,74106,75045,75957,76843,77699,santo tome,,,,,,,,
18175,,9365,9374,9384,9392,9401,9409,9417,9424,sauce,,,,,,,,
30008,,74086,75555,77039,78535,80043,81563,83093,84632,colon,,,,,,,,
30015,,187448,189291,191117,192924,194711,196476,198216,199927,concordia,,,,,,,,
30021,,50565,50978,51384,51782,52175,52558,52933,53298,diamante,,,,,,,,
30028,,80510,81921,83341,84769,86203,87641,89084,90530,federacion,,,,,,,,
30035,,27836,28014,28189,28358,28522,28682,28836,28984,federal,,,,,,,,
30042,,16255,16363,16468,16571,16670,16767,16861,16951,feliciano,,,,,,,,
30049,,57414,57993,58565,59130,59690,60241,60785,61320,gualeguay,,,,,,,,
30056,,121655,122948,124231,125501,126759,128003,129229,130439,gualeguaychu,,,,,,,,
30063,,13199,13310,13420,13527,13633,13737,13839,13937,islas del ibicuy,,,,,,,,
30070,,71356,71710,72051,72378,72691,72990,73274,73542,la paz,,,,,,,,
30077,,41036,41174,41304,41427,41541,41646,41742,41830,nogoya,,,,,,,,
30084,,370876,373924,376912,379856,382741,385567,388325,391022,parana,,,,,,,,
30088,,19373,19589,19804,20018,20229,20439,20646,20850,san salvador,,,,,,,,
30091,,26589,26626,26659,26686,26708,26724,26735,26739,tala,,,,,,,,
30098,,111048,112111,113161,114198,115221,116229,117220,118192,uruguay,,,,,,,,
30105,,39028,39349,39665,39974,40279,40576,40868,41152,victoria,,,,,,,,
30113,,52169,52414,52651,52876,53092,53297,53491,53674,villaguay,,,,,,,,
34007,,15968,16127,16281,16431,16576,16718,16853,16983,bermejo,,,,,,,,
34014,,266173,268814,271381,273881,276309,278654,280914,283080,formosa,,,,,,,,
34021,,18777,18895,19009,19120,19228,19333,19433,19529,laishi,,,,,,,,
34028,,16737,16949,17156,17356,17551,17739,17920,18094,matacos,,,,,,,,
34035,,75942,76471,76987,77488,77974,78445,78898,79333,patino,,,,,,,,
34042,,20282,20412,20540,20663,20783,20899,21011,21118,pilagas,,,,,,,,
34049,,95379,96189,96978,97745,98490,99211,99905,100571,pilcomayo,,,,,,,,
34056,,69378,69618,69852,70079,70300,70514,70720,70917,pirane,,,,,,,,
34063,,16493,16754,17009,17256,17495,17727,17951,18165,ramon lista,,,,,,,,
38007,,13471,13533,13592,13647,13699,13747,13791,13832,cochinoca,,,,,,,,
38021,,301009,304936,308821,312671,316474,320238,323959,327628,doctor manuel belgrano,,,,,,,,
38014,,112896,114733,116567,118397,120222,122041,123852,125650,el carmen,,,,,,,,
38028,,18517,18606,18692,18771,18847,18917,18982,19041,humahuaca,,,,,,,,
38035,,88216,88774,89309,89823,90315,90783,91229,91648,ledesma,,,,,,,,
38042,,58737,59374,59999,60614,61220,61814,62396,62965,palpala,,,,,,,,
38049,,2821,2860,2903,2943,2987,3034,3075,3118,rinconada,,,,,,,,
38056,,5439,5560,5684,5808,5933,6059,6185,6314,san antonio,,,,,,,,
38063,,80859,81362,81843,82305,82747,83167,83565,83940,san pedro,,,,,,,,
38070,,18921,19015,19103,19185,19264,19337,19405,19466,santa barbara,,,,,,,,
38077,,2670,2644,2619,2597,2577,2555,2529,2502,santa catalina,,,,,,,,
38084,,4079,4104,4127,4151,4172,4194,4214,4233,susques,,,,,,,,
38094,,14807,15107,15410,15713,16019,16326,16634,16943,tilcara,,,,,,,,
38098,,4915,4932,4948,4962,4975,4987,4997,5005,tumbaya,,,,,,,,
38105,,2598,2609,2619,2628,2637,2644,2652,2659,valle grande,,,,,,,,
38112,,23936,24291,24645,24997,25348,25696,26042,26384,yavi,,,,,,,,
42007,,10573,10580,10584,10585,10583,10579,10572,10563,atreuco,,,,,,,,
42014,,2688,2729,2768,2809,2848,2889,2928,2967,caleu caleu,,,,,,,,
42021,,117536,118669,119781,120858,121922,122966,123989,124984,la pampa capital,,,,,,,,
42028,,8006,8066,8124,8181,8236,8290,8342,8392,catrilo,,,,,,,,
42049,,3551,3616,3680,3744,3807,3871,3935,4000,chalileo,,,,,,,,
42056,,12860,12971,13079,13185,13289,13390,13489,13584,chapaleufu,,,,,,,,
42063,,1524,1520,1519,1518,1515,1514,1513,1512,chical co,,,,,,,,
42035,,14269,14229,14191,14165,14124,14076,14024,13970,conhelo,,,,,,,,
42042,,1169,1180,1193,1204,1217,1228,1240,1251,curaco,,,,,,,,
42070,,8931,8902,8871,8838,8803,8766,8726,8685,guatrache,,,,,,,,
42077,,7482,7445,7406,7370,7339,7305,7270,7234,hucal,,,,,,,,
42084,,345,334,324,314,305,296,289,282,lihuel calel,,,,,,,,
42091,,570,577,583,590,597,604,611,618,limay mahuida,,,,,,,,
42098,,9092,9113,9131,9147,9161,9173,9183,9190,loventue,,,,,,,,
42105,,66055,66716,67361,67995,68619,69231,69832,70419,maraco,,,,,,,,
42112,,11634,11894,12157,12423,12691,12962,13235,13511,puelen,,,,,,,,
42119,,9062,9072,9080,9087,9090,9093,9092,9089,quemu quemu,,,,,,,,
42126,,11102,11108,11111,11111,11108,11103,11095,11084,rancul,,,,,,,,
42133,,17742,17866,17986,18102,18215,18324,18429,18529,realico,,,,,,,,
42140,,16805,17395,17994,18605,19234,19878,20540,21219,toay,,,,,,,,
42147,,5368,5342,5325,5306,5287,5266,5245,5223,trenel,,,,,,,,
42154,,16014,16098,16180,16257,16332,16403,16468,16532,utracan,,,,,,,,
46007,,17629,17856,18083,18309,18533,18755,18975,19191,arauco,,,,,,,,
46014,,215513,219320,223101,226872,230610,234308,237966,241574,la rioja capital,,,,,,,,
46021,,4525,4539,4553,4566,4580,4594,4607,4621,castro barros,,,,,,,,
46035,,15442,15554,15664,15775,15884,15994,16100,16206,chamical,,,,,,,,
46042,,57972,58894,59812,60721,61622,62516,63397,64269,chilecito,,,,,,,,
46028,,9872,9863,9853,9844,9835,9826,9817,9808,coronel felipe varela,,,,,,,,
46049,,5751,5712,5674,5641,5608,5575,5544,5513,famatina,,,,,,,,
46056,,3183,3185,3187,3188,3191,3193,3195,3197,general angel vera penaloza,,,,,,,,
46063,,7911,7951,7993,8033,8075,8115,8155,8194,general belgrano,,,,,,,,
46070,,3900,3857,3819,3777,3736,3702,3668,3634,general juan f quiroga,,,,,,,,
46077,,1833,1839,1846,1851,1857,1864,1869,1875,general lamadrid,,,,,,,,
46084,,7244,7228,7213,7197,7182,7166,7152,7136,general ocampo,,,,,,,,
46091,,5176,5188,5198,5208,5220,5230,5240,5250,general san martin,,,,,,,,
46105,,2568,2576,2587,2596,2604,2614,2623,2632,independencia,,,,,,,,
46112,,15383,15501,15619,15736,15852,15967,16081,16193,rosario vera penaloza,,,,,,,,
46119,,3930,3914,3899,3884,3869,3854,3840,3826,san blas de los sauces,,,,,,,,
46126,,2613,2639,2665,2691,2716,2741,2765,2790,sanagasta,,,,,,,,
46098,,2775,2770,2765,2759,2753,2746,2741,2736,vinchina,,,,,,,,
50007,,119450,119654,119854,120051,120246,120437,120625,120809,mendoza capital,,,,,,,,
50014,,50076,50387,50693,50993,51288,51580,51864,52143,general alvear,,,,,,,,
50021,,204549,205537,206510,207466,208408,209332,210239,211129,godoy cruz,,,,,,,,
50028,,324272,328402,332468,336466,340402,344264,348055,351771,guaymallen,,,,,,,,
50035,,42156,42572,42980,43382,43778,44167,44548,44921,junin,,,,,,,,
50042,,10718,10775,10831,10886,10940,10993,11046,11097,la paz,,,,,,,,
50049,,230384,233063,235699,238291,240841,243346,245804,248214,las heras,,,,,,,,
50056,,42785,43418,44040,44653,45255,45847,46428,46997,lavalle,,,,,,,,
50063,,139297,141325,143320,145283,147214,149110,150970,152795,lujan de cuyo,,,,,,,,
50070,,196375,198816,201218,203581,205905,208189,210428,212624,maipu,,,,,,,,
50077,,33406,34029,34642,35246,35839,36421,36993,37553,malargue,,,,,,,,
50084,,62385,62956,63518,64071,64615,65149,65673,66187,rivadavia,,,,,,,,
50091,,38183,38768,39343,39910,40466,41013,41550,42076,san carlos,,,,,,,,
50098,,132274,133649,135003,136334,137645,138931,140194,141430,san martin,,,,,,,,
50105,,209121,211157,213160,215131,217068,218973,220841,222672,san rafael,,,,,,,,
50112,,17565,17663,17758,17852,17944,18035,18125,18212,santa rosa,,,,,,,,
50119,,58503,59467,60416,61349,62266,63168,64053,64921,tunuyan,,,,,,,,
50126,,37794,38344,38885,39418,39941,40456,40960,41455,tupungato,,,,,,,,
54007,,46501,46948,47387,47819,48244,48661,49070,49471,apostoles,,,,,,,,
54014,,59470,60119,60756,61382,61998,62605,63198,63780,cainguas,,,,,,,,
54021,,31445,31936,32419,32893,33360,33819,34269,34710,candelaria,,,,,,,,
54028,,363204,367349,371424,375429,379374,383246,387045,390765,misiones capital,,,,,,,,
54035,,10165,10221,10275,10328,10381,10433,10484,10533,concepcion,,,,,,,,
54042,,88307,89405,90484,91543,92588,93613,94618,95603,eldorado,,,,,,,,
54049,,51435,52404,53354,54289,55209,56113,57000,57868,general manuel belgrano,,,,,,,,
54056,,77469,78520,79553,80568,81567,82549,83512,84454,guarani,,,,,,,,
54063,,96639,98258,99849,101413,102952,104465,105947,107400,iguazu,,,,,,,,
54070,,48730,49098,49461,49817,50167,50512,50850,51181,leandro n alem,,,,,,,,
54077,,50831,51273,51706,52133,52552,52963,53367,53763,libertador general san martin,,,,,,,,
54084,,39635,39925,40209,40490,40765,41035,41301,41559,montecarlo,,,,,,,,
54091,,119248,120499,121727,122934,124122,125290,126436,127556,obera,,,,,,,,
54098,,61058,61365,61666,61963,62254,62541,62822,63097,san ignacio,,,,,,,,
54105,,22626,22800,22971,23139,23304,23466,23626,23782,san javier,,,,,,,,
54112,,37647,38399,39137,39863,40578,41281,41969,42642,san pedro,,,,,,,,
54119,,28767,28843,28916,28989,29061,29131,29200,29267,25 de mayo,,,,,,,,
58007,,11054,11384,11718,12057,12400,12749,13101,13459,alumine,,,,,,,,
58014,,15400,16003,16622,17258,17910,18580,19266,19970,anelo,,,,,,,,
58021,,2861,2879,2896,2912,2927,2941,2955,2968,catan lil,,,,,,,,
58042,,17011,17123,17229,17327,17419,17503,17583,17656,chos malal,,,,,,,,
58028,,4879,4899,4918,4937,4955,4973,4991,5009,collon cura,,,,,,,,
58035,,417874,422415,426804,431047,435156,439124,442956,446648,confluencia,,,,,,,,
58049,,17363,17605,17842,18074,18302,18526,18744,18959,huiliches,,,,,,,,
58056,,36395,37078,37756,38429,39099,39765,40426,41084,lacar,,,,,,,,
58063,,7745,7802,7858,7910,7961,8009,8055,8099,loncopue,,,,,,,,
58070,,16480,17057,17647,18248,18863,19491,20132,20786,los lagos,,,,,,,,
58077,,7876,7906,7935,7963,7990,8017,8044,8071,minas,,,,,,,,
58084,,5965,5999,6031,6062,6092,6121,6149,6175,norquin,,,,,,,,
58091,,32835,33963,35081,36189,37286,38372,39447,40509,pehuenches,,,,,,,,
58098,,5185,5235,5282,5330,5375,5421,5466,5508,picun leufu,,,,,,,,
58105,,7939,8005,8069,8130,8188,8243,8295,8344,picunches,,,,,,,,
58112,,39922,40148,40369,40588,40803,41015,41223,41428,zapala,,,,,,,,
62007,,64124,64791,65450,66102,66746,67383,68011,68631,adolfo alsina,,,,,,,,
62014,,39486,39920,40349,40774,41193,41608,42018,42422,avellaneda,,,,,,,,
62021,,158251,161012,163743,166443,169112,171749,174351,176919,bariloche,,,,,,,,
62028,,8019,8119,8221,8319,8417,8515,8609,8704,conesa,,,,,,,,
62035,,6505,6643,6781,6918,7052,7185,7317,7446,el cuy,,,,,,,,
62042,,361612,366014,370245,374450,378623,382551,386605,390644,general roca,,,,,,,,
62049,,3376,3354,3334,3313,3293,3272,3253,3233,9 de julio,,,,,,,,
62056,,1491,1460,1430,1401,1371,1349,1321,1294,norquinco,,,,,,,,
62063,,14426,14433,14441,14448,14454,14461,14468,14475,pichi mahuida,,,,,,,,
62070,,9002,9180,9356,9530,9702,9873,10040,10206,pilcaniyeu,,,,,,,,
62077,,35515,36107,36787,37460,38126,38961,39625,40280,san antonio,,,,,,,,
62084,,8249,8393,8556,8697,8824,8956,9080,9161,valcheta,,,,,,,,
62091,,18347,18634,18917,19197,19474,19747,20017,20282,25 de mayo,,,,,,,,
66007,,66918,67927,68925,69909,70881,71843,72788,73719,anta,,,,,,,,
66014,,7636,7653,7672,7689,7706,7724,7740,7756,cachi,,,,,,,,
66021,,18378,18774,19162,19548,19927,20303,20672,21036,cafayate,,,,,,,,
66028,,614764,622964,631058,639055,646956,654756,662439,670002,salta capital,,,,,,,,
66035,,46277,47476,48658,49825,50979,52117,53240,54343,cerrillos,,,,,,,,
66042,,23879,24212,24541,24864,25184,25501,25811,26119,chicoana,,,,,,,,
66049,,53853,54536,55211,55877,56535,57185,57826,58456,general guemes,,,,,,,,
66056,,180080,182495,184877,187231,189556,191852,194114,196340,general jose de san martin,,,,,,,,
66063,,3283,3286,3288,3290,3293,3295,3297,3299,guachipas,,,,,,,,
66070,,5854,5820,5786,5752,5720,5687,5655,5623,iruya,,,,,,,,
66077,,10035,10295,10551,10804,11054,11300,11543,11782,la caldera,,,,,,,,
66084,,6331,6392,6452,6511,6571,6628,6686,6741,la candelaria,,,,,,,,
66091,,1775,1774,1773,1773,1772,1771,1771,1771,la poma,,,,,,,,
66098,,7993,8041,8088,8133,8179,8224,8269,8312,la vina,,,,,,,,
66105,,6697,6759,6821,6882,6942,7002,7060,7117,los andes,,,,,,,,
66112,,43239,43478,43714,43947,44178,44405,44629,44849,metan,,,,,,,,
66119,,5924,5941,5958,5974,5991,6006,6022,6038,molinos,,,,,,,,
66126,,158520,160555,162562,164544,166504,168438,170343,172219,oran,,,,,,,,
66133,,34313,34714,35109,35499,35885,36266,36641,37010,rivadavia,,,,,,,,
66140,,31055,31225,31393,31560,31723,31885,32045,32203,rosario de la frontera,,,,,,,,
66147,,44626,45248,45862,46467,47067,47657,48240,48813,rosario de lerma,,,,,,,,
66154,,7106,7096,7087,7077,7068,7058,7050,7040,san carlos,,,,,,,,
66161,,9996,9923,9849,9777,9707,9636,9567,9499,santa victoria,,,,,,,,
70007,,28304,28788,29269,29744,30218,30687,31150,31609,albardon,,,,,,,,
70014,,9013,9100,9186,9271,9356,9439,9522,9604,angaco,,,,,,,,
70021,,9363,9433,9503,9571,9641,9708,9775,9841,calingasta,,,,,,,,
70028,,108306,107850,107401,106955,106509,106070,105639,105208,san juan capital,,,,,,,,
70035,,44598,45271,45938,46598,47255,47904,48547,49183,caucete,,,,,,,,
70042,,103159,104900,106627,108341,110040,111724,113390,115037,chimbas,,,,,,,,
70049,,11862,12182,12499,12814,13126,13435,13741,14045,iglesia,,,,,,,,
70056,,23324,23456,23586,23716,23845,23972,24098,24223,jachal,,,,,,,,
70063,,11313,11538,11761,11982,12202,12420,12634,12848,9 de julio,,,,,,,,
70070,,67376,69014,70638,72249,73847,75430,76998,78546,pocito,,,,,,,,
70077,,124929,125904,126870,127828,128779,129722,130654,131576,rawson,,,,,,,,
70084,,91279,92112,92939,93758,94571,95377,96174,96962,rivadavia,,,,,,,,
70091,,12541,12687,12830,12973,13114,13255,13394,13531,san martin,,,,,,,,
70098,,54091,54701,55304,55904,56498,57087,57669,58246,santa lucia,,,,,,,,
70105,,26059,26487,26910,27331,27748,28161,28570,28974,sarmiento,,,,,,,,
70112,,5479,5538,5598,5656,5715,5772,5829,5885,ullum,,,,,,,,
70119,,7881,7942,8001,8060,8118,8177,8234,8291,valle fertil,,,,,,,,
70126,,19734,20010,20285,20557,20827,21095,21360,21622,25 de mayo,,,,,,,,
70133,,5853,5963,6072,6181,6288,6395,6500,6604,zonda,,,,,,,,
74007,,21554,21793,22030,22266,22501,22733,22963,23189,ayacucho,19613.0,19856.0,20100.0,20344.0,20587.0,20830.0,21071.0,21313.0
74014,,4246,4264,4281,4298,4316,4333,4350,4367,belgrano,4104.0,4122.0,4140.0,4158.0,4176.0,4193.0,4211.0,4229.0
74028,,23309,23555,23798,24040,24280,24519,24754,24987,chacabuco,21318.0,21568.0,21818.0,22068.0,22318.0,22566.0,22815.0,23063.0
74021,,14162,14239,14315,14391,14466,14540,14613,14686,coronel pringles,13541.0,13619.0,13698.0,13775.0,13853.0,13931.0,14008.0,14085.0
74035,,142291,143887,145471,147044,148606,150152,151684,153196,general pedernera,129349.0,130973.0,132599.0,134223.0,135845.0,137464.0,139078.0,140687.0
74042,,12722,12796,12869,12942,13014,13086,13157,13227,gobernador dupuy,12122.0,12198.0,12273.0,12348.0,12424.0,12499.0,12574.0,12647.0
74049,,36559,37416,38266,39111,39950,40782,41604,42416,junin,29607.0,30481.0,31353.0,32226.0,33097.0,33966.0,34833.0,35697.0
74063,,4484,4436,4390,4343,4298,4253,4208,4163,libertador general san martin,4864.0,4816.0,4768.0,4720.0,4673.0,4625.0,4578.0,4530.0
78007,,14124,14497,14869,15243,15617,15991,16365,16738,corpen aike,,,,,,,,
78014,,140782,144876,148968,153063,157167,161269,165378,169485,deseado,,,,,,,,
78021,,134230,136792,139354,141917,144483,147052,149620,152189,guer aike,,,,,,,,
78028,,28245,29393,30540,31688,32837,33988,35139,36291,lago argentino,,,,,,,,
78035,,11171,11469,11767,12065,12364,12663,12962,13260,lago buenos aires,,,,,,,,
78042,,11764,12080,12395,12711,13027,13344,13659,13976,magallanes,,,,,,,,
78049,,7277,7540,7805,8069,8332,8597,8861,9126,rio chico,,,,,,,,
82007,,50301,50897,51493,52086,52679,53269,53857,54442,belgrano,,,,,,,,
82014,,88236,88772,89297,89812,90314,90804,91281,91746,caseros,,,,,,,,
82021,,201008,203520,206032,208542,211047,213548,216041,218527,castellanos,,,,,,,,
82028,,95006,95794,96574,97346,98106,98857,99596,100325,constitucion,,,,,,,,
82035,,22954,23160,23364,23566,23766,23964,24159,24352,garay,,,,,,,,
82042,,208572,210270,211950,213608,215245,216859,218447,220011,general lopez,,,,,,,,
82049,,195540,197519,199488,201445,203388,205315,207225,209119,general obligado,,,,,,,,
82056,,71298,71685,72062,72429,72787,73133,73469,73794,iriondo,,,,,,,,
82063,,573912,578665,583368,588016,592604,597127,601585,605978,la capital,,,,,,,,
82070,,119328,120936,122547,124160,125772,127385,128997,130607,las colonias,,,,,,,,
82077,,32942,33260,33574,33886,34195,34502,34806,35107,9 de julio,,,,,,,,
82084,,1277164,1284166,1291010,1297681,1304168,1310461,1316568,1322478,rosario,,,,,,,,
82091,,75833,76534,77228,77917,78599,79273,79940,80600,san cristobal,,,,,,,,
82098,,33588,33832,34075,34313,34547,34778,35004,35226,san javier,,,,,,,,
82105,,88492,89243,89985,90720,91445,92161,92866,93563,san jeronimo,,,,,,,,
82112,,43608,43827,44041,44247,44447,44642,44830,45010,san justo,,,,,,,,
82119,,179564,182083,184609,187140,189674,192210,194747,197285,san lorenzo,,,,,,,,
82126,,69694,70259,70819,71372,71918,72455,72985,73506,san martin,,,,,,,,
82133,,54474,54691,54902,55104,55298,55484,55660,55829,vera,,,,,,,,
86007,,8329,8415,8500,8585,8668,8751,8833,8913,aguirre,,,,,,,,
86014,,19266,19511,19755,19997,20236,20474,20708,20938,alberdi,,,,,,,,
86021,,12286,12452,12619,12784,12948,13110,13269,13426,atamisqui,,,,,,,,
86028,,22536,22745,22952,23158,23362,23564,23763,23958,avellaneda,,,,,,,,
86035,,159233,161307,163370,165419,167451,169458,171438,173384,banda,,,,,,,,
86042,,10763,10954,11144,11332,11519,11703,11886,12065,belgrano,,,,,,,,
86049,,292124,295109,298076,301019,303936,306825,309665,312462,santiago del estero capital,,,,,,,,
86063,,36182,36334,36486,36637,36786,36934,37080,37223,choya,,,,,,,,
86056,,36692,37356,38016,38671,39321,39963,40597,41219,copo,,,,,,,,
86070,,18422,18476,18529,18582,18635,18687,18739,18789,figueroa,,,,,,,,
86077,,40098,40310,40522,40732,40941,41146,41349,41549,general taboada,,,,,,,,
86084,,7908,7937,7967,7997,8026,8055,8083,8111,guasayan,,,,,,,,
86091,,15798,15972,16144,16316,16485,16654,16820,16983,jimenez,,,,,,,,
86098,,19435,19595,19753,19912,20068,20223,20376,20526,juan f ibarra,,,,,,,,
86105,,23060,23439,23815,24190,24560,24926,25287,25643,loreto,,,,,,,,
86112,,2002,2014,2026,2038,2050,2062,2074,2084,mitre,,,,,,,,
86119,,36924,37521,38117,38706,39292,39871,40441,41002,moreno,,,,,,,,
86126,,14892,14991,15089,15186,15283,15377,15471,15564,ojo de agua,,,,,,,,
86133,,21857,22007,22156,22304,22452,22597,22740,22881,pellegrini,,,,,,,,
86140,,10258,10197,10136,10077,10019,9962,9906,9852,quebrachos,,,,,,,,
86147,,59958,60564,61166,61764,62357,62943,63521,64089,rio hondo,,,,,,,,
86154,,5197,5213,5230,5246,5263,5279,5295,5311,rivadavia,,,,,,,,
86161,,49655,50296,50933,51565,52192,52812,53423,54024,robles,,,,,,,,
86168,,11957,12039,12123,12204,12285,12365,12444,12522,salavina,,,,,,,,
86175,,10710,10814,10917,11019,11121,11221,11320,11417,san martin,,,,,,,,
86182,,4751,4762,4772,4784,4795,4806,4817,4829,sarmiento,,,,,,,,
86189,,7958,7979,8000,8021,8042,8062,8083,8102,silipica,,,,,,,,
94028,,270,277,283,291,298,305,313,320,antartida argentina,,,,,,,,
94007,,91133,93507,95889,98277,100678,103088,105505,107928,rio grande,,,,,,,,
94014,,73541,75399,77260,79129,81007,82892,84783,86678,ushuaia,,,,,,,,
90007,,43802,44518,45225,45927,46620,47306,47983,48651,burruyacu,,,,,,,,
90084,,597822,601811,605767,609681,613557,617384,621165,624890,tucuman capital,,,,,,,,
90021,,92223,93351,94466,95570,96664,97745,98812,99865,chicligasta,,,,,,,,
90014,,213080,216470,219826,223148,226437,229688,232897,236062,cruz alta,,,,,,,,
90028,,40857,41516,42167,42813,43451,44083,44707,45321,famailla,,,,,,,,
90035,,14941,15062,15181,15299,15416,15531,15645,15758,graneros,,,,,,,,
90042,,34474,34888,35297,35703,36104,36500,36892,37278,juan b alberdi,,,,,,,,
90049,,21697,21960,22222,22479,22735,22988,23237,23484,la cocha,,,,,,,,
90056,,61703,62334,62958,63575,64187,64792,65389,65977,leales,,,,,,,,
90063,,85852,87772,89673,91554,93417,95259,97076,98869,lules,,,,,,,,
90070,,73402,74379,75346,76303,77251,78188,79112,80025,monteros,,,,,,,,
90077,,64950,65745,66531,67310,68080,68842,69594,70336,rio chico,,,,,,,,
90091,,33865,34116,34366,34613,34856,35098,35336,35572,simoca,,,,,,,,
90098,,17082,17293,17502,17708,17912,18114,18314,18511,tafi del valle,,,,,,,,
90105,,145174,147660,150121,152557,154969,157352,159705,162025,tafi viejo,,,,,,,,
90112,,20679,21026,21369,21710,22047,22380,22709,23033,trancas,,,,,,,,
90119,,92785,94721,96639,98537,100415,102273,104107,105914,yerba buena,,,,,,,,
